{
  "project_info": {
    "project_number": "228472842079",
    "project_id": "weatherwise-338fe",
    "storage_bucket": "weatherwise-338fe.appspot.com"
  },
  "client": [
    {
      "client_info": {
        "mobilesdk_app_id": "1:228472842079:android:8706d8ed0e6f63bcdcb8ea",
        "android_client_info": {
          "package_name": "com.example.weatherwise"
        }
      },
      "oauth_client": [],
      "api_key": [
        {
          "current_key": "AIzaSyBHW16RFD2sy6unQK1YxAJBJzJTpIg32rg"
        }
      ],
      "services": {
        "appinvite_service": {
          "other_platform_oauth_client": []
        }
      }
    }
  ],
  "configuration_version": "1"
}